"Rank","Name","Symbol","marketcap","price (USD)","country"
"1","Apple","AAPL","3043838656512","195.71","United States"
"2","Microsoft","MSFT","2781374840832","374.23","United States"
"3","Alphabet (Google)","GOOG","1698981740544","136.64","United States"
"4","Amazon","AMZN","1523438321664","147.42","United States"
"5","NVIDIA","NVDA","1173398224896","475.06","United States"
"6","Meta Platforms (Facebook)","META","855120936960","332.75","United States"
"7","Tesla","TSLA","775147814912","243.84","United States"
"8","TSMC","TSM","520456241152","100.35","Taiwan"
"9","Broadcom","AVGO","389995900000","944.3","United States"
"10","Tencent","TCEHY","371341361152","38.921","China"
"11","Samsung","005930.KS","366756206332","55.3","South Korea"
"12","Oracle","ORCL","311220961280","113.61","United States"
"13","Adobe","ADBE","277737570304","610.01","United States"
"14","ASML","ASML","274804326400","696.43","Netherlands"
"15","Salesforce","CRM","242784075776","250.81","United States"
"16","AMD","AMD","208270262272","128.92","United States"
"17","Netflix","NFLX","198601687040","453.76","United States"
"18","Cisco","CSCO","196591173632","48.38","United States"
"19","SAP","SAP","187339145216","160.16","Germany"
"20","Pinduoduo","PDD","184620875776","138.96","China"
"21","Alibaba","BABA","183878369280","72.14","China"
"22","Intel","INTC","180023197696","42.7","United States"
"23","Intuit","INTU","160655278080","573.9","United States"
"24","QUALCOMM","QCOM","147995607040","132.97","United States"
"25","IBM","IBM","147888750592","161.96","United States"
"26","ServiceNow","NOW","143349858304","699.08","United States"
"27","Texas Instruments","TXN","142615281664","157.03","United States"
"28","Uber","UBER","126969962496","61.7","United States"
"29","Applied Materials","AMAT","123572805632","147.72","United States"
"30","Booking Holdings (Booking.com)","BKNG","114264424448","3275","United States"
"31","Sony","SONY","109912227840","89.3","Japan"
"32","Schneider Electric","SU.PA","105408999577","188.8","France"
"33","Keyence","6861.T","100723313055","415.31","Japan"
"34","Automatic Data Processing","ADP","94299897856","229.27","United States"
"35","Palo Alto Networks","PANW","94091829248","298.42","United States"
"36","Shopify","SHOP","93134528512","72.52","Canada"
"37","Lam Research","LRCX","92672180224","703.17","United States"
"38","Analog Devices","ADI","91748925440","184.88","United States"
"39","Airbnb","ABNB","90165469184","140.68","United States"
"40","Micron Technology","MU","82735603712","74.96","United States"
"41","Synopsys","SNPS","81489756160","535.93","United States"
"42","MercadoLibre","MELI","79781879808","1577.98","Argentina"
"43","Fiserv","FI","79440617472","132.36","United States"
"44","Equinix","EQIX","75272896512","801.77","United States"
"45","KLA","KLAC","72646139904","534.43","United States"
"46","Workday","WDAY","71906828288","273.41","United States"
"47","Tokyo Electron","8035.T","71343482193","154.15","Japan"
"48","Cadence Design Systems","CDNS","70717079552","259.93","United States"
"49","Arista Networks","ANET","69695733760","224.03","United States"
"50","Meituan","3690.HK","69278829768","11.1","China"
"51","Arm Holdings","ARM","68926218240","67.23","United Kingdom"
"52","SK Hynix","000660.KS","68789351970","97.12","South Korea"
"53","NetEase","NTES","68114812928","104.54","China"
"54","PayPal","PYPL","63545573376","58.94","United States"
"55","Dassault Systèmes","DSY.PA","62751736706","47.72","France"
"56","Snowflake","SNOW","62692294656","190.67","United States"
"57","Vmware","VMW","61521440768","142.48","United States"
"58","CrowdStrike","CRWD","58247168000","242.55","United States"
"59","Roper Technologies","ROP","57320681472","536.6","United States"
"60","NXP Semiconductors","NXPI","55560818688","215.55","Netherlands"
"61","Nintendo","7974.T","55044549245","47.12","Japan"
"62","Infineon","IFX.DE","52285073102","40.1","Germany"
"63","Constellation Software","CSU.TO","51344196564","2422.87","Canada"
"64","Atlassian","TEAM","49640230912","192.36","Australia"
"65","Dell","DELL","48886988800","68.7","United States"
"66","Autodesk","ADSK","47919099904","224.01","United States"
"67","MediaTek","2454.TW","47760322906","30.01","Taiwan"
"68","Xiaomi","XIACF","46905454592","1.862","China"
"69","Microchip Technology","MCHP","46573154304","86.08","United States"
"70","Marvell Technology Group","MRVL","45714759680","52.88","United States"
"71","Foxconn (Hon Hai Precision Industry)","2317.TW","44768580629","3.23","Taiwan"
"72","STMicroelectronics","STM","43239436288","47.87","Switzerland"
"73","Block","SQ","42476810240","69.17","United States"
"74","Jingdong Mall","JD","42230865920","26.45","China"
"75","TE Connectivity","TEL","41433059328","133.32","Switzerland"
"76","Fortinet","FTNT","40054185984","52.16","United States"
"77","Baidu","BIDU","40027656192","113.45","China"
"78","DoorDash","DASH","39820898304","100","United States"
"79","Adyen","ADYEN.AS","39730775636","1280.81","Netherlands"
"80","IQVIA","IQV","39288598528","215.28","United States"
"81","Palantir","PLTR","38667341824","17.77","United States"
"82","Spotify","SPOT","38647279616","198.05","Sweden"
"83","Datadog","DDOG","37399302144","113.83","United States"
"84","Electronic Arts","EA","36885999616","137.14","United States"
"85","Murata Manufacturing (Murata Seisakusho)","6981.T","36716817676","19.43","Japan"
"86","Coinbase","COIN","35078246400","146.62","United States"
"87","Fidelity National Information Services","FIS","34921005056","58.94","United States"
"88","The Trade Desk","TTD","34629677056","70.63","United States"
"89","Wolters Kluwer","WKL.AS","33795067801","140.08","Netherlands"
"90","CoStar Group","CSGP","33645027328","82.39","United States"
"91","ON Semiconductor","ON","32793344000","76.14","United States"
"92","Mobileye","MBLY","32415209472","40.21","Israel"
"93","Amadeus IT Group","AMS.MC","31308825418","70.75","Spain"
"94","Global Payments","GPN","31288342528","120.16","United States"
"95","SMIC","0981.HK","30229938323","2.63","China"
"96","Kuaishou Technology","1024.HK","29966191636","6.9","China"
"97","Zscaler","ZS","29488599040","198.8","United States"
"98","HP","HPQ","29114402816","29.46","United States"
"99","Renesas Electronics","6723.T","29081913194","16.48","Japan"
"100","GlobalFoundries","GFS","29042946048","52.5","United States"
"101","Delta Electronics (Thailand)","DELTA.BK","28777491421","2.31","Thailand"
"102","Coupang","CPNG","28068302848","15.7","South Korea"
"103","FICO","FICO","28034861056","1134.39","United States"
"104","Symbotic","SYM","28012318720","50.33","United States"
"105","Veeva Systems","VEEV","27746897920","172.71","United States"
"106","Monolithic Power Systems","MPWR","27584374784","575.73","United States"
"107","MongoDB","MDB","27473420288","381.79","United States"
"108","Take 2 Interactive","TTWO","26414962688","155.32","United States"
"109","Cloudflare","NET","26029043712","77.52","United States"
"110","Delta Electronics","2308.TW","25829104124","9.94","Taiwan"
"111","Canon","7751.T","25482715938","25.8","Japan"
"112","Splunk","SPLK","25440962560","150.95","United States"
"113","HubSpot","HUBS","25267924992","502.04","United States"
"114","Keysight","KEYS","25200017408","144.33","United States"
"115","Ansys","ANSS","24949868544","287.2","United States"
"116","Naver","035420.KS","24945664066","165.68","South Korea"
"117","Snap","SNAP","24844175360","15.09","United States"
"118","ASM International","ASM.AS","24102294461","495.04","Netherlands"
"119","Garmin","GRMN","23837929472","124.59","Switzerland"
"120","Panasonic","6752.T","23103969630","9.9","Japan"
"121","Sea (Garena)","SE","22750359552","40","Singapore"
"122","Disco Corp.","6146.T","22311892408","205.96","Japan"
"123","Zoom","ZM","22241144832","73.06","United States"
"124","Trip.com","TCOM","21572530176","32.9","China"
"125","Advantest","6857.T","21520907164","29.21","Japan"
"126","Lasertec","6920.T","21477393346","238.15","Japan"
"127","eBay","EBAY","21429510144","41.29","United States"
"128","Hewlett Packard Enterprise","HPE","20807989248","16.22","United States"
"129","Expedia Group","EXPE","20202383360","145.5","United States"
"130","PTC","PTC","19867410432","166.61","United States"
"131","United Microelectronics","UMC","19504836608","7.8","Taiwan"
"132","Nexon","3659.T","19005954193","22.42","Japan"
"133","ASE Group","ASX","18887335936","8.77","Taiwan"
"134","Kaspi.kz Joint Stock Company","KKS.F","18856689247","92.27","Kazakhstan"
"135","Ericsson","ERIC","18847799296","5.66","Sweden"
"136","NetApp","NTAP","18417111040","89.39","United States"
"137","Samsara","IOT","18188396544","33.67","United States"
"138","DiDi","DIDIY","18120503296","3.77","China"
"139","Nokia","NOK","17833916416","3.18","Finland"
"140","Akamai","AKAM","17256689664","114.41","United States"
"141","Kakao","035720.KS","17241301567","39.38","South Korea"
"142","Check Point Software","CHKP","17048366080","145.72","Israel"
"143","Tyler Technologies","TYL","16979001344","403.07","United States"
"144","Align Technology","ALGN","16943807488","221.23","United States"
"145","FactSet","FDS","16862715904","443.89","United States"
"146","Seagate Technology","STX","16858137600","80.59","Ireland"
"147","Skyworks Solutions","SWKS","16600130560","103.78","United States"
"148","Entegris","ENTG","16065512448","106.99","United States"
"149","Dynatrace","DT","15935546368","54.13","United States"
"150","EPAM Systems","EPAM","15492584448","268.5","United States"
"151","Supermicro","SMCI","15228375040","272.65","United States"
"152","JD Health","6618.HK","15130039202","4.75","China"
"153","Sage Group","SGE.L","15076231940","14.79","United Kingdom"
"154","NEC Corp","6701.T","15064988409","56.47","Japan"
"155","Bentley Systems","BSY","14970693632","50.59","United States"
"156","Leidos","LDOS","14918025216","108.49","United States"
"157","Lenovo","0992.HK","14849087448","1.22","Hong Kong"
"158","WiseTech Global","WTC.AX","14752100988","44.26","Australia"
"159","Roku","ROKU","14728386560","103.36","United States"
"160","GoDaddy","GDDY","14721478656","104.31","United States"
"161","Gen Digital","GEN","14191837184","22.15","United States"
"162","SS&C Technologies","SSNC","14135639040","57.11","United States"
"163","Enphase Energy","ENPH","14066119680","103.01","United States"
"164","Logitech","LOGI","13998736384","89.11","Switzerland"
"165","UiPath","PATH","13942501376","24.63","United States"
"166","Manhattan Associates","MANH","13651468288","221.74","United States"
"167","AMEC","688012.SS","13487730064","21.78","China"
"168","NICE","NICE","12868737024","203.2","Israel"
"169","Twilio","TWLO","12783447040","70.61","United States"
"170","AspenTech","AZPN","12675544064","198.99","United States"
"171","Bandai Namco","7832.T","12596845179","19.08","Japan"
"172","AppLovin","APP","12545562624","37.36","United States"
"173","Adevinta","ADE.OL","12514437721","10.27","Norway"
"174","Unity Software","U","12426621952","32.7","United States"
"175","Grab Holdings","GRAB","12322800640","3.15","Singapore"
"176","LG Electronics","066570.KS","12313651782","72.06","South Korea"
"177","Zomato","ZOMATO.NS","12310463975","1.44","India"
"178","Zebra Technologies","ZBRA","12127542272","236.13","United States"
"179","Jack Henry &amp; Associates","JKHY","11994076160","164.69","United States"
"180","Okta","OKTA","11906493440","72.01","United States"
"181","Trimble","TRMB","11667219456","46.9","United States"
"182","Elastic NV","ESTC","11538207744","115.81","United States"
"183","ZoomInfo","ZI","11333558272","15.64","United States"
"184","Nutanix","NTNX","11168593920","46.02","United States"
"185","BE Semiconductor","BESI.AS","11051962599","143.75","Netherlands"
"186","OpenText","OTEX","10841593856","39.93","Canada"
"187","Paycom","PAYC","10765238272","186.57","United States"
"188","Zillow","Z","10733148160","46.41","United States"
"189","Xero","XRO.AX","10581944036","69.09","New Zealand"
"190","Ceridian","CDAY","10487051264","67.17","United States"
"191","Pure Storage","PSTG","10347580416","33.17","United States"
"192","Amdocs","DOX","10204099584","85.73","United States"
"193","F5 Networks","FFIV","10199184384","170.82","United States"
"194","Robinhood","HOOD","10143892480","11.73","United States"
"195","Oracle Corp Japan","4716.T","10132580201","79.15","Japan"
"196","Qorvo","QRVO","10121042944","103.97","United States"
"197","DocuSign","DOCU","10105383936","49.73","United States"
"198","M3, Inc","2413.T","9887258310","14.56","Japan"
"199","Novatek Microelectronics","3034.TW","9836258765","16.16","Taiwan"
"200","Nemetschek","NEM.F","9804869622","84.63","Germany"
"201","Wiwynn","6669.TW","9735950752","55.68","Taiwan"
"202","Globant","GLOB","9644134400","227.27","Luxembourg"
"203","Advantech","2395.TW","9595878422","11.2","Taiwan"
"204","Etsy","ETSY","9589260288","80.08","United States"
"205","ASUS","2357.TW","9418330435","12.68","Taiwan"
"206","MicroStrategy","MSTR","9372601344","599.39","United States"
"207","Dropbox","DBX","9311404032","27.59","United States"
"208","Juniper Networks","JNPR","9243982848","28.99","United States"
"209","GitLab","GTLB","9217439744","59.2","United States"
"210","Delivery Hero","DHER.F","8893056856","33.83","Germany"
"211","Match Group","MTCH","8725165056","32.1","United States"
"212","Rakuten","4755.T","8599715155","4.02","Japan"
"213","Yonyou","600588.SS","8560615987","2.5","China"
"214","Paylocity","PCTY","8558551040","152.35","United States"
"215","Lattice Semiconductor","LSCC","8517707776","61.71","United States"
"216","Unimicron","3037.TW","8461253969","5.55","Taiwan"
"217","monday.com","MNDY","8450010624","175.03","Israel"
"218","Procore","PCOR","8425850368","58.72","United States"
"219","CyberArk","CYBR","8397291008","201.06","Israel"
"220","Yandex","YNDX.ME","8391753639","25.49","Netherlands"
"221","Chewy","CHWY","8338208768","19.34","United States"
"222","Toast","TOST","8292192768","15.35","United States"
"223","Vipshop","VIPS","8273622528","15.27","China"
"224","Global Unichip Corp.","3443.TW","8080658450","60.3","Taiwan"
"225","GlobalWafers","6488.TWO","8034810673","18.42","Taiwan"
"226","Allegro.eu","ALE.WA","7970205555","7.54","Poland"
"227","National Instruments","NATI","7965164032","59.98","United States"
"228","Informatica","INFA","7956500992","27.33","United States"
"229","Alchip Technologies","3661.TW","7863095384","106.12","Taiwan"
"230","SoFi","SOFI","7794580480","8.13","United States"
"231","Klaviyo","KVYO","7729687040","29.88","United States"
"232","Rohm","6963.T","7607647705","19.71","Japan"
"233","Trend Micro","4704.T","7578741604","55.96","Japan"
"234","GoTo","GOTO.JK","7524603565","0.01","Indonesia"
"235","Alibaba Health Information Technology","0241.HK","7366169350","0.54","Hong Kong"
"236","Krafton","259960.KS","7286865093","157.68","South Korea"
"237","Futu Holdings","FUTU","7269190656","52.06","Hong Kong"
"238","Realtek","2379.TW","7253877716","14.14","Taiwan"
"239","SentinelOne","S","7168200192","24","United States"
"240","Nanya Technology","2408.TW","7107541022","2.29","Taiwan"
"241","Carsales","CAR.AX","7105233928","18.85","Australia"
"242","Descartes Systems","DSGX","7060567552","82.96","Canada"
"243","Confluent","CFLT","6982605312","22.68","United States"
"244","CCC Intelligent Solutions","CCCS","6945441792","11.53","United States"
"245","Konami Holdings","9766.T","6942417196","51.21","Japan"
"246","Qualys","QLYS","6927445504","188.32","United States"
"247","Onto Innovation","ONTO","6832075264","139.2","United States"
"248","Instacart (Maplebear Inc.)","CART","6761399296","24.44","United States"
"249","SPS Commerce","SPSC","6729606144","183.38","United States"
"250","Ocado","OCDO.L","6543455527","7.9","United Kingdom"
"251","Wayfair","W","6498879488","55.1","United States"
"252","Entain","ENT.L","6497950432","10.11","Isle of Man"
"253","ZOZO","3092.T","6376913349","21.25","Japan"
"254","Temenos","TEMN.SW","6318581449","87.75","Switzerland"
"255","Tata Elxsi","TATAELXSI.NS","6250322793","100.36","India"
"256","Genpact","G","6233316352","34.36","Bermuda"
"257","Zalando","ZAL.DE","6227003013","24.04","Germany"
"258","Soitec","SOI.PA","6223946816","174.35","France"
"259","New Relic","NEWR","6178351104","86.99","United States"
"260","Smartsheet","SMAR","5985357824","44.16","United States"
"261","Freshworks","FRSH","5982555136","20.26","United States"
"262","Wix.com","WIX","5897882112","103.18","Israel"
"263","Five9","FIVN","5844023808","80.39","United States"
"264","eMemory Technology","3529.TWO","5842740744","78.28","Taiwan"
"265","Nykaa","NYKAA.NS","5842486780","2.05","India"
"266","Altair Engineering","ALTR","5826569216","71.35","United States"
"267","Coherent","COHR","5738992200","41.38","United States"
"268","DoubleVerify","DV","5675832320","33.39","United States"
"269","Global-e","GLBE","5609274368","34.15","Israel"
"270","Topicus","TOI.V","5557561222","67.87","Canada"
"271","Schibsted","SCHA.OL","5516721361","25.15","Norway"
"272","Braze","BRZE","5366242304","54.09","United States"
"273","Clarivate","CLVT","5331301376","8.03","United Kingdom"
"274","Clearwater Analytics","CWAN","5271555072","19.25","United States"
"275","Lyft","LYFT","5191397888","13.21","United States"
"276","Allegro MicroSystems","ALGM","5166002176","26.84","United States"
"277","Workiva","WK","5150774784","95.3","United States"
"278","Nan Ya PCB","8046.TW","5140213989","7.95","Taiwan"
"279","Silergy","6415.TW","5009309859","13.06","China"
"280","Wolfspeed","WOLF","4972896256","39.68","United States"
"281","Paytm","PAYTM.NS","4964804122","7.81","India"
"282","Kakao Pay","377300.KS","4942200339","36.87","South Korea"
"283","Monotaro","3064.T","4937109078","9.94","Japan"
"284","Bilibili","BILI","4923499520","11.93","China"
"285","dLocal","DLO","4916695040","16.98","Uruguay"
"286","Technoprobe","TPRO.MI","4858887736","8.1","Italy"
"287","Tenable","TENB","4811875328","41.15","United States"
"288","KPIT Technologies","KPITTECH.NS","4807393697","17.74","India"
"289","Varonis","VRNS","4752529920","43.62","United States"
"290","MakeMyTrip","MMYT","4711110656","44.39","India"
"291","Blackbaud","BLKB","4623784448","85.86","United States"
"292","Doximity","DOCS","4556604928","24.51","United States"
"293","PowerSchool","PWSC","4535594496","22.46","United States"
"294","NEXTDC","NXT.AX","4478201919","8.69","Australia"
"295","Power Integrations","POWI","4455930368","78.37","United States"
"296","Jubilant FoodWorks","JUBLFOOD.NS","4421530414","6.72","India"
"297","PB Fintech","POLICYBZR.NS","4393948730","9.82","India"
"298","Pegasystems","PEGA","4380835840","52.43","United States"
"299","Aixtron","AIXA.F","4375651129","38.92","Germany"
"300","Vertex","VERX","4372339712","28.58","United States"
"301","iQIYI","IQ","4362524672","4.56","China"
"302","Kingsoft","3888.HK","4352623197","3.21","China"
"303","Alight","ALIT","4350585856","7.96","United States"
"304","Asana","ASAN","4326080512","19.44","United States"
"305","Teradata","TDC","4247453952","43.43","United States"
"306","Cirrus Logic","CRUS","4232586240","78.53","United States"
"307","TOTVS","TOTS3.SA","4211474906","6.97","Brazil"
"308","Synaptics","SYNA","4184589312","106.75","United States"
"309","SimCorp","SIM.CO","4157105746","105.51","Denmark"
"310","Aurora Innovation","AUR","4118630912","2.71","United States"
"311","Vanguard International Semiconductor","5347.TWO","4104359870","2.5","Taiwan"
"312","HashiCorp","HCP","4075929856","20.81","United States"
"313","Hisense Visual Technology","600060.SS","4075910790","3.12","China"
"314","Axcelis Technologies","ACLS","4017790976","122.69","United States"
"315","Endava","DAVA","4016004608","69.54","United Kingdom"
"316","ASM Pacific Technology","0522.HK","3983351082","9.66","Hong Kong"
"317","Lufax","LU","3962049024","0.8674","China"
"318","Instructure Holdings","INST","3928496384","27.15","United States"
"319","momo.com Inc.","8454.TW","3900257677","16.23","Taiwan"
"320","Silicon Labs","SLAB","3873578752","121.89","United States"
"321","EngageSmart","ESMT","3842697216","22.86","United States"
"322","NCR Corporation","NCR","3815571968","27.08","United States"
"323","Melexis NV","MELE.BR","3806302819","94.22","Belgium"
"324","Squarespace","SQSP","3777246720","27.78","United States"
"325","Paycor","PYCR","3773766144","21.25","United States"
"326","BlackLine","BL","3741746688","61.07","United States"
"327","Marathon Digital Holdings","MARA","3735647488","16.78","United States"
"328","Powerchip Semiconductor Manufacturing","6770.TW","3731151931","0.92","Taiwan"
"329","United Internet","UTDI.F","3728244921","21.57","Germany"
"330","NCsoft","036570.KS","3689413781","181.68","South Korea"
"331","Nova Measuring Instruments","NVMI","3648049664","127","Israel"
"332","Perfect World Entertainment","002624.SZ","3588023960","1.85","China"
"333","Remitly","RELY","3567994624","19.27","United States"
"334","Rapid7","RPD","3487117312","56.75","United States"
"335","Box","BOX","3455639296","23.99","United States"
"336","Presight AI","PRESIGHT.AE","3451871354","0.62","United Arab Emirates"
"337","Sino-American Silicon Products","5483.TWO","3441561721","5.87","Taiwan"
"338","Just Eat Takeaway","TKWY.AS","3435557298","16.11","Netherlands"
"339","Ubisoft","UBI.PA","3425366199","26.22","France"
"340","Acer","2353.TW","3361411393","1.12","Taiwan"
"341","Embracer Group","EMBRAC-B.ST","3360729350","2.64","Sweden"
"342","C3 AI","AI","3341570560","28.27","United States"
"343","nCino","NCNO","3324978688","29.39","United States"
"344","Nuvei","NVEI","3305729024","23.78","Canada"
"345","Commvault","CVLT","3294947584","75.24","United States"
"346","Marqeta","MQ","3287661568","6.3","United States"
"347","Riot Blockchain","RIOT","3269132544","15.83","United States"
"348","Nikon","NINOY","3260025600","9.16","Japan"
"349","Autohome","ATHM","3259222016","26.45","China"
"350","Kinaxis","KXS.TO","3239675007","113.69","Canada"
"351","Softcat","SCT.L","3236661072","16.22","United Kingdom"
"352","Darktrace","DARK.L","3222180479","4.6","United Kingdom"
"353","Vishay Intertechnology","VSH","3199711488","23.13","United States"
"354","RingCentral","RNG","3197713664","34.11","United States"
"355","Teladoc Health","TDOC","3180349696","19.21","United States"
"356","Sega Sammy Holdings","6460.T","3176287059","14.39","Japan"
"357","Coursera","COUR","3160794368","20.72","United States"
"358","Sprout Social","SPT","3149662464","56.25","United States"
"359","Upstart","UPST","3140315136","36.92","United States"
"360","Tower Semiconductor","TSEM","3137404672","28.4","Israel"
"361","Jfrog","FROG","3122486016","29.77","United States"
"362","Alteryx","AYX","3116722176","43.42","United States"
"363","Chindata","CD","3112433920","8.49","China"
"364","Sprinklr","CXM","3084001280","11.26","United States"
"365","Playtika","PLTK","3025958656","8.24","Israel"
"366","ACI Worldwide","ACIW","3025761024","27.83","United States"
"367","SoftwareONE","SWON.SW","3021804770","19.49","Switzerland"
"368","Yelp","YELP","3001163008","43.83","United States"
"369","HelloFresh","HFG.DE","2989357254","17.28","Germany"
"370","Mercari","4385.T","2985781468","18.32","Japan"
"371","VisEra Technologies","6789.TW","2960711887","9.36","Taiwan"
"372","Lumentum","LITE","2950001152","44.03","United States"
"373","Kulicke and Soffa Industries","KLIC","2943200768","51.89","Singapore"
"374","FormFactor","FORM","2912069120","37.41","United States"
"375","CyberAgent","4751.T","2864399646","5.66","Japan"
"376","Sanmina","SANM","2830582272","49.8","United States"
"377","IonQ","IONQ","2802411264","13.69","United States"
"378","CD Projekt","CDR.WA","2795788788","27.98","Poland"
"379","Calix","CALX","2759827456","41.9","United States"
"380","Credo Technology","CRDO","2746432000","18.21","United States"
"381","InterDigital","IDCC","2740989184","106.64","United States"
"382","Siltronic","WAF.F","2696952540","88.12","Germany"
"383","Appian","APPN","2675754752","36.54","United States"
"384","DigitalOcean","DOCN","2670576128","31.05","United States"
"385","Flywire","FLYW","2648017408","21.81","United States"
"386","Bumble","BMBL","2643282688","14.04","United States"
"387","Certara","CERT","2626253312","16.43","United States"
"388","TietoEVRY","TIETO.HE","2616714526","22.1","Finland"
"389","Lightspeed POS","LSPD","2600048384","17.04","Canada"
"390","SiTime","SITM","2578219264","114.81","United States"
"391","LifeStance Health Group","LFST","2532880896","6.69","United States"
"392","Software AG","SOW.F","2527739745","34.17","Germany"
"393","TeamViewer","TMV.DE","2509414720","14.59","Germany"
"394","Intapp","INTA","2507608832","36","United States"
"395","BlackBerry","BB","2404877056","4.12","Canada"
"396","360 DigiTech","QFIN","2384837888","14.77","China"
"397","Bayanat AI","BAYANAT.AE","2331869270","0.91","United Arab Emirates"
"398","Progress Software","PRGS","2328129536","53.44","United States"
"399","Envestnet","ENV","2326718720","42.57","United States"
"400","Weibo","WB","2320552704","9.57","China"
"401","Ambarella","AMBA","2305757440","57.82","United States"
"402","Schrödinger","SDGR","2301447936","31.95","United States"
"403","Udemy","UDMY","2296868352","14.98","United States"
"404","JOYY","YY","2276183552","37.44","China"
"405","AvidXchange","AVDX","2275257600","11.2","United States"
"406","Hut 8 Mining","HUT","2272732416","10.25","Canada"
"407","WIN Semiconductors","3105.TWO","2259520532","5.33","Taiwan"
"408","Fastly","FSLY","2258916096","17.27","United States"
"409","LiveRamp","RAMP","2247023872","34.3","United States"
"410","Impinj","PI","2233734912","82.56","United States"
"411","Q2","QTWO","2232820992","38.08","United States"
"412","N-Able","NABL","2229880064","12.19","United States"
"413","Paradox Interactive","PDX.ST","2227613700","21.09","Sweden"
"414","Getty Images","GETY","2191588096","5.37","United States"
"415","Jamf","JAMF","2147337728","17.07","United States"
"416","Alkami Technology","ALKT","2144686848","22.49","United States"
"417","ODDITY Tech","ODD","2138234240","37.64","Israel"
"418","Agilysys","AGYS","2133133312","84.07","United States"
"419","IONOS Group","IOS.DE","2121305625","15.09","Germany"
"420","Telus International","TIXT","2054952704","7.52","Canada"
"421","LegalZoom","LZ","2029687296","10.8","United States"
"422","PagerDuty","PD","2028063104","22.07","United States"
"423","Cimpress","CMPR","2005152000","75.41","Ireland"
"424","SUSE S.A.","SUSE.DE","1997608806","11.75","Luxembourg"
"425","Formosa Sumco Technology","3532.TW","1980768227","5.11","Taiwan"
"426","Silicon Motion","SIMO","1966353664","58.86","Hong Kong"
"427","Rover","ROVR","1959545728","10.86","United States"
"428","Nordic Semiconductor","NOD.OL","1951977517","10.17","Norway"
"429","SolarWinds","SWI","1927130496","11.62","United States"
"430","IndiaMART","INDIAMART.NS","1924851228","32.12","India"
"431","EverCommerce","EVCM","1913002368","10.14","United States"
"432","CleanSpark","CLSK","1910315008","10.34","United States"
"433","CompuGroup Medical","COP.DE","1884623061","36.08","Germany"
"434","Atoss","AOF.F","1866833447","233.11","Germany"
"435","ePlus","PLUS","1865310336","69.26","United States"
"436","Payoneer","PAYO","1856075136","5.13","United States"
"437","Xerox","XRX","1848506240","15.04","United States"
"438","Hims &amp; Hers Health","HIMS","1831628288","8.64","United States"
"439","OVH Groupe","OVH.PA","1815200656","9.53","France"
"440","Verint Systems","VRNT","1798305408","27.98","United States"
"441","Donnelley Financial Solutions","DFIN","1756934784","60.36","United States"
"442","Exclusive Networks","EXN.PA","1749093892","19.36","France"
"443","Trainline","TRN.L","1743665662","3.67","United Kingdom"
"444","PROS","PRO","1722774656","37.24","United States"
"445","MeridianLink","MLNK","1717958528","21.75","United States"
"446","Qt Group","QTCOM.HE","1715399335","67.56","Finland"
"447","Bytes Technology","BYIT.L","1698935035","7.09","United Kingdom"
"448","Zeta Global","ZETA","1692796160","7.9","United States"
"449","Cellebrite","CLBT","1687496448","8.55","Israel"
"450","Playtech","PTEC.L","1647886029","5.33","Isle of Man"
"451","Semrush","SEMR","1647156608","11.5","United States"
"452","Shutterstock","SSTK","1608495488","45.04","United States"
"453","Veeco","VECO","1600667648","28.41","United States"
"454","Omnicell","OMCL","1590519552","34.98","United States"
"455","MaxLinear","MXL","1581462016","19.39","United States"
"456","Cohu","COHU","1563392896","32.91","United States"
"457","CSG International","CSGS","1549424896","52.22","United States"
"458","Kainos Group","KNOS.L","1526085644","12.16","United Kingdom"
"459","NETSCOUT","NTCT","1522866304","21.45","United States"
"460","Lumen","LUMN","1503260928","1.49","United States"
"461","TANLA","TANLA.NS","1481711981","11.02","India"
"462","Sabre","SABR","1472386304","3.88","United States"
"463","AvePoint","AVPT","1467459328","7.99","United States"
"464","Docebo","DCBO","1466290816","46.23","Canada"
"465","Kontron AG","KTN.F","1451654686","22.94","Austria"
"466","Sapiens","SPNS","1444586368","25.92","Israel"
"467","X-FAB","XFAB.PA","1432356054","10.96","Belgium"
"468","Amplitude","AMPL","1432171520","12.03","United States"
"469","Criteo","CRTO","1420101504","25.17","France"
"470","VIZIO","VZIO","1417846400","7.19","United States"
"471","Corsair Gaming","CRSR","1413901568","13.73","United States"
"472","MapmyIndia","MAPMYINDIA.NS","1391693600","26.14","India"
"473","Enghouse Systems","ENGH.TO","1368025978","24.75","Canada"
"474","Grindr","GRND","1363362048","7.8","United States"
"475","THG (The Hut Group)","THG.L","1362268656","1.05","United Kingdom"
"476","Navitas Semiconductor","NVTS","1345799552","7.54","Ireland"
"477","Bukalapak.com","BUKA.JK","1343625803","0.01","Indonesia"
"478","ZipRecruiter","ZIP","1331283200","13.47","United States"
"479","PROG Holdings","PRG","1321543936","29.55","United States"
"480","tuya","TUYA","1315817984","2.29","China"
"481","Rumble","RUM","1314480384","4.69","United States"
"482","Perion Network","PERI","1311461248","27.88","Israel"
"483","Photronics","PLAB","1306012672","20.88","United States"
"484","Semtech","SMTC","1288267392","20.04","United States"
"485","Asseco","ACP.WA","1285458412","18.85","Poland"
"486","Compass","COMP","1285270016","2.8","United States"
"487","VTEX","VTEX","1282844672","6.83","United Kingdom"
"488","UCT (Ultra Clean Holdings)","UCTT","1279919360","28.55","United States"
"489","Lumine Group","LMN.V","1269295650","17.11","Canada"
"490","indie Semiconductor","INDI","1255554304","7.75","United States"
"491","Lemonade","LMND","1246038528","17.82","United States"
"492","Sterling Check","STER","1240791936","13.16","United States"
"493","Chegg","CHGG","1236904192","10.68","United States"
"494","Nagarro","NA9.DE","1232143251","92.49","Germany"
"495","Genius Sports","GENI","1223524992","5.38","United Kingdom"
"496","Zuora","ZUO","1222073984","8.54","United States"
"497","AST SpaceMobile","ASTS","1196371712","5.48","United States"
"498","Avid Technology","AVID","1190887552","27.04","United States"
"499","Harmonic","HLIT","1179116928","10.51","United States"
"500","Hesai Group","HSAI","1173752320","9.35","China"
"501","PDF Solutions","PDFS","1165059712","30.45","United States"
"502","Mixi","2121.T","1138911370","16.2","Japan"
"503","Hypoport","HYQ.F","1135933279","169.87","Germany"
"504","E2open","ETWO","1122221184","3.7","United States"
"505","Revolve","RVLV","1116940800","15.48","United States"
"506","PAR Technology","PAR","1113854592","39.75","United States"
"507","DeNA","2432.T","1111680484","9.98","Japan"
"508","Allscripts","MDRX","1100248192","10.07","United States"
"509","Truecaller","TRUE-B.ST","1074487116","3.22","Sweden"
"510","AT&amp;S Austria Technologie &amp; Systemtechnik","ATS.VI","1069150667","27.52","Austria"
"511","Taboola.com","TBLA","1067695616","3.58","United States"
"512","Diebold Nixdorf","DBD","1063888960","28.32","United States"
"513","KFin Technologies","KFINTECH.NS","1062063572","6.23","India"
"514","Fiverr","FVRR","1023186816","26.66","Israel"
"515","Nexus AG","NXU.DE","1013991107","58.71","Germany"
"516","Terveystalo","TTALO.HE","1007968159","7.96","Finland"
"517","Phreesia","PHR","1003653632","18.04","United States"
"518","ANI Pharmaceuticals","ANIP","999682688","48.94","United States"
"519","Opera","OPRA","993128640","11.2","Norway"
"520","secunet","YSN.F","991440328","152.17","Germany"
"521","NerdWallet","NRDS","983537600","12.92","United States"
"522","ChipMOS Technologies","IMOS","983475968","26.5","Taiwan"
"523","Grid Dynamics","GDYN","981914112","12.99","United States"
"524","Couchbase","BASE","978257088","20.35","United States"
"525","ACM Research","ACMR","969724800","16","United States"
"526","Protolabs","PRLB","968260544","37.55","United States"
"527","Himax","HIMX","964432064","5.53","Taiwan"
"528","Yalla Group","YALA","963994688","6.17","United Arab Emirates"
"529","Luminar Technologies","LAZR","952633344","2.37","United States"
"530","LiveChat Software","LVC.WA","951914687","36.97","Poland"
"531","Mensch und Maschine","MUM.F","950689747","56.01","Germany"
"532","A10 Networks","ATEN","944520640","12.74","United States"
"533","Olo","OLO","939103872","5.72","United States"
"534","Redfin","RDFN","934612608","8.11","United States"
"535","Everbridge","EVBG","930215104","22.65","United States"
"536","GungHo Online Entertainment","3765.T","924697025","15.44","Japan"
"537","Pagaya Technologies","PGY","913215936","1.28","Israel"
"538","SMART Global Holdings","SGH","909098176","17.51","United States"
"539","Wemade","112040.KQ","893205312","54.47","South Korea"
"540","WalkMe","WKME","893056640","10.12","Israel"
"541","TomTom","TOM2.AS","891738813","6.9","Netherlands"
"542","TechTarget","TTGT","890696192","31.38","United States"
"543","Arlo Technologies","ARLO","888562560","9.39","United States"
"544","Northern Data AG","NB2.DE","886335834","30.76","Germany"
"545","Model N","MODN","883816896","22.8","United States"
"546","Digi International","DGII","875924288","24.26","United States"
"547","trivago","TRVG","873750656","2.53","Germany"
"548","Mastek","MASTEK.NS","872332962","28.44","India"
"549","PubMatic","PUBM","868541248","17.11","United States"
"550","SUNeVision","1686.HK","856754579","0.37","Hong Kong"
"551","Stratasys","SSYS","841046400","12.16","Israel"
"552","AMTD Digital","HKD","835513344","4.37","Hong Kong"
"553","Bitfarms","BITF","834311488","2.59","Canada"
"554","Huya","HUYA","818486080","3.44","China"
"555","Spirent","SPT.L","815907542","1.41","United Kingdom"
"556","Wirtualna Polska (WP Holding)","WPL.WA","805737484","27.5","Poland"
"557","EaseMyTrip","EASEMYTRIP.NS","804563156","0.46","India"
"558","Ichor Systems","ICHR","801486400","27.28","United States"
"559","Karooooo","KARO","800085952","25.85","Singapore"
"560","3D Systems","DDD","789929280","5.92","United States"
"561","Simulations Plus","SLP","784974784","39.37","United States"
"562","Matterport","MTTR","776376384","2.54","United States"
"563","GB Group (GBG)","GBG.L","772701520","3.06","United Kingdom"
"564","Riskified","RSKD","768365248","4.31","Israel"
"565","u-blox","UBXN.SW","766547089","107.83","Switzerland"
"566","Overstock.com","OSTK","760216256","16.78","United States"
"567","LendingClub","LC","756578112","6.9","United States"
"568","Aehr Test Systems","AEHR","745613888","25.89","United States"
"569","Cipher Mining","CIFR","741060608","2.91","United States"
"570","Infibeam Avenues","INFIBEAM.NS","733702048","0.26","India"
"571","Repay Holdings","RPAY","728501504","7.52","United States"
"572","Locaweb","LWSA3.SA","715648047","1.21","Brazil"
"573","Nazara Technologies","NAZARA.NS","715622329","9.76","India"
"574","MediaAlpha","MAX","714547392","10.89","United States"
"575","QuinStreet","QNST","709526976","13","United States"
"576","Cerence","CRNC","705475520","17.15","United States"
"577","Yext","YEXT","704734592","5.68","United States"
"578","Trustpilot Group","TRST.L","701998645","1.67","Denmark"
"579","Conduent","CNDT","701837056","3.23","United States"
"580","Applied Blockchain","APLD","699454016","6.58","United States"
"581","Weave Communications","WEAV","698908480","10.06","United States"
"582","Exscientia","EXAI","697165184","5.58","United Kingdom"
"583","Bitdeer Technologies Group","BTDR","692956672","6.23","Singapore"
"584","BigCommerce","BIGC","692417216","9.1","United States"
"585","Digimarc","DMRC","691965056","33.99","United States"
"586","CI&amp;T","CINT","680029120","5.08","Brazil"
"587","SmartRent","SMRT","678537728","3.34","United States"
"588","Thryv","THRY","674464704","19.18","United States"
"589","UP Fintech (Tiger Brokers)","TIGR","669543872","4.32","China"
"590","i3 Verticals","IIIV","664648704","19.92","United States"
"591","Gree","3632.T","662379622","3.88","Japan"
"592","Paysafe","PSFE","659066240","10.69","United States"
"593","BOE Varitronix","0710.HK","653884169","0.83","Hong Kong"
"594","Vimeo","VMEO","648685568","3.87","United States"
"595","Nextdoor","KIND","647015040","1.68","United States"
"596","nLIGHT","LASR","632129792","13.54","United States"
"597","Alpha &amp; Omega Semiconductor","AOSL","631263808","22.72","United States"
"598","Digital Turbine","APPS","624057280","6.16","United States"
"599","Zhihu","ZH","604283584","0.9999","China"
"600","Lightwave Logic","LWLG","587941632","5.03","United States"
"601","Despegar","DESP","568085056","8.6","Argentina"
"602","Forge Global","FRGE","566131776","3.23","United States"
"603","Nano Dimension","NNDM","564256832","2.4","United States"
"604","Snap One","SNPO","554845376","7.25","United States"
"605","Allied Motion Technologies","AMOT","550906624","34.08","United States"
"606","PlayWay","PLW.WA","550027478","83.34","Poland"
"607","GigaCloud Technology","GCT","543246848","13.33","China"
"608","stem","STEM","539400192","3.46","United States"
"609","COLOPL","3668.T","531675267","4.14","Japan"
"610","Gravity Co.","GRVY","529714656","76.23","South Korea"
"611","Ituran","ITRN","527379328","26.51","Israel"
"612","Liquidity Services","LQDT","526544448","17.12","United States"
"613","Intchains Group","ICG","521160896","8.695","China"
"614","Cantaloupe","CTLP","520000928","7.15","United States"
"615","SoundHound AI","SOUN","518540384","2.1","United States"
"616","CEVA","CEVA","509626560","21.63","United States"
"617","Secureworks","SCWX","507063552","5.88","United States"
"618","SciPlay","SCPL","495492544","22.94","United States"
"619","Nerdy","NRDY","495097472","2.86","United States"
"620","Mitek Systems","MITK","494647168","10.85","United States"
"621","Consensus Cloud Solutions","CCSI","488991424","25.53","United States"
"622","Microvision","MVIS","486364160","2.56","United States"
"623","Youdao","DAO","475739616","3.83","China"
"624","Stitch Fix","SFIX","470385088","3.99","United States"
"625","MoneyLion","ML","462685504","45","United States"
"626","Viant Technology","DSP","462160704","7.38","United States"
"627","Com2uS","078340.KQ","457375090","40.07","South Korea"
"628","Nucleus Software Exports","NUCLEUS.NS","445211647","16.62","India"
"629","Neowiz Games","095660.KQ","444434281","21.67","South Korea"
"630","TeraWulf","WULF","440874464","1.83","United States"
"631","8x8","EGHT","438568736","3.59","United States"
"632","NextNav","NN","431733120","3.92","United States"
"633","Xperi","XPER","431180736","9.92","United States"
"634","Newegg","NEGG","428326496","1.13","United States"
"635","CS Disco","LAW","419541600","6.92","United States"
"636","23andMe","ME","418450272","0.8734","United States"
"637","Qudian","QD","418312160","1.86","China"
"638","Nexters","GDEV","414716416","2.101","Cyprus"
"639","eMudhra","EMUDHRA.NS","414550847","5.31","India"
"640","NETGEAR","NTGR","414222912","13.99","United States"
"641","DoubleDown Interactive","DDI","406337856","8.2","United States"
"642","OneSpan","OSPN","404856064","10.15","United States"
"643","Avalon Technologies","AVALON.NS","404090567","6.17","India"
"644","Blend Labs","BLND","399600416","1.61","United States"
"645","Cognyte Software","CGNT","397295584","5.65","Israel"
"646","Similarweb","SMWB","391359008","5","Israel"
"647","Talkspace","TALK","391002304","2.34","United States"
"648","New Work","NWO.F","390628483","69.5","Germany"
"649","Iris Energy","IREN","390466144","5.82","Australia"
"650","Materialise NV","MTLS","386890176","6.55","Belgium"
"651","Pearl Abyss","263750.KQ","386313415","29.67","South Korea"
"652","Unisys","UIS","384375392","5.62","United States"
"653","PSI Software","PSAN.DE","382770559","24.71","Germany"
"654","SkyWater Technology","SKYT","379488512","8.07","United States"
"655","Thinkific Labs","THNC.TO","371041731","2.28","Canada"
"656","Jumia","JMIA","370266880","3.68","Germany"
"657","HIVE Blockchain Technologies","HIVE","368715456","4.2","Canada"
"658","Faro Technologies","FARO","367713408","19.4","United States"
"659","MSTC Limited","MSTCLTD.NS","367097335","5.21","India"
"660","AudioCodes","AUDC","362175104","11.64","Israel"
"661","Groupon","GRPN","360261952","11.31","United States"
"662","Cigniti Technologies","CIGNITITEC.NS","356222541","13.05","India"
"663","Webzen","069080.KQ","354930784","11.33","South Korea"
"664","Global Mofy Metaverse","GMM","350470496","12.92","China"
"665","LiveVox","LVOX","350151712","3.7","United States"
"666","Perfect Corp.","PERF","349294816","2.96","Taiwan"
"667","11 bit studios","11B.WA","349208739","144.47","Poland"
"668","Playstudios","MYPS","348480576","2.6","United States"
"669","Rackspace Technology","RXT","344087136","1.59","United States"
"670","American Software","AMSWA","342378784","10.15","United States"
"671","American Well","AMWL","342207104","1.19","United States"
"672","Domo","DOMO","333405056","9.24","United States"
"673","Bit Digital","BTBT","322190880","3.55","United States"
"674","OPTiM","3694.T","315959140","5.74","Japan"
"675","Sohu.com","SOHU","315106400","9.34","China"
"676","ON24","ONTF","312919808","7.54","United States"
"677","ShotSpotter","SSTI","312672352","24.58","United States"
"678","Telos","TLS","309127008","4.44","United States"
"679","LendingTree","TREE","308426400","23.72","United States"
"680","Team17","TM17.L","302874193","2.01","United Kingdom"
"681","MYT Netherlands Parent (Mytheresa)","MYTE","300511296","3.54","Germany"
"682","Innoviz","INVZ","296801984","1.8","Israel"
"683","Spok Holdings","SPOK","295122336","14.77","United States"
"684","Backblaze","BLZE","294784000","7.84","United States"
"685","Marvelous","7844.T","287510623","4.75","Japan"
"686","Tabula Rasa HealthCare","TRHC","284033408","10.5","United States"
"687","Red Violet","RDVT","282133440","20.24","United States"
"688","Rimini Street","RMNI","281575360","3.15","United States"
"689","LivePerson","LPSN","278905600","3.45","United States"
"690","Mondee","MOND","278073664","3.17","United States"
"691","BigBear.ai","BBAI","272859840","1.74","United States"
"692","Core Scientific","CORZQ","270601408","0.701","United States"
"693","SOPHiA GENETICS","SOPH","270297792","4.15","Switzerland"
"694","Agora.io","API","269499136","2.64","China"
"695","Canaan","CAN","267634496","1.42","China"
"696","TrueCar","TRUE","266893792","2.94","United States"
"697","Magnachip","MX","263588400","6.8","Luxembourg"
"698","Tucows","TCX","259414704","23.81","Canada"
"699","Volue ASA","VOLUE.OL","258337304","1.8","Norway"
"700","Kaltura","KLTR","254530800","1.8","United States"
"701","Pexip","PEXIP.OL","252319943","2.48","Norway"
"702","eGain","EGAN","251566736","7.99","United States"
"703","Accelya","ACCELYA.NS","249425161","16.68","India"
"704","Comtech Telecommunications","CMTL","248190048","8.79","United States"
"705","The RealReal","REAL","244429840","2.365","United States"
"706","Valens Semiconductor","VLN","243779584","2.35","Israel"
"707","Fabasoft","FAA.DE","240988543","21.91","Austria"
"708","Ouster","OUST","238863792","5.87","United States"
"709","Cian","CIAN","237563120","3.4","Russia"
"710","ThredUp","TDUP","237024720","2.21","United States"
"711","Quick Heal","QUICKHEAL.NS","234404510","4.4","India"
"712","eHealth","EHTH","234293248","8.26","United States"
"713","TuSimple","TSP","229891008","1","United States"
"714","Priority Technology Holdings","PRTH","228633344","2.98","United States"
"715","Troops","TROO","228595504","2.25","Hong Kong"
"716","People Can Fly","PCF.WA","228225121","6.35","Poland"
"717","UNITED","2497.T","224881991","5.91","Japan"
"718","BrainChip","BRN.AX","224633114","0.12","Australia"
"719","Lantronix","LTRX","220237920","5.91","United States"
"720","Absci","ABSI","213758544","2.3","United States"
"721","Lesaka Technologies","LSAK","210235760","3.37","South Africa"
"722","Porch Group","PRCH","207636656","2.1","United States"
"723","Arteris","AIP","206753184","5.61","United States"
"724","System1","SST","206469264","1.89","United States"
"725","Expensify","EXFY","205152464","2.45","United States"
"726","Hippo","HIPO","204713296","8.57","United States"
"727","Outbrain","OB","204132480","4.07","United States"
"728","Iteris","ITI","195711648","4.58","United States"
"729","Asure Software","ASUR","193342336","7.78","United States"
"730","BlackSky Technology","BKSY","191603920","1.34","United States"
"731","Rekor Systems","REKR","186005712","2.69","United States"
"732","Everspin Technologies","MRAM","183534272","8.73","United States"
"733","CarParts.com","PRTS","182845552","3.18","United States"
"734","Transphorm","TGAN","182288816","2.94","United States"
"735","Atomera","ATOM","181624960","7.04","United States"
"736","Serverworks","4434.T","181353184","23.22","Japan"
"737","OptimizeRx","OPRX","178257552","9.82","United States"
"738","Park City Group","PCYG","178119904","9.8","United States"
"739","Baozun","BZUN","176190864","2.93","China"
"740","StarTek","SRT","175100784","4.34","United States"
"741","Identiv","INVE","174271488","7.52","United States"
"742","kneat.com","FOBK.F","172576300","2.16","Ireland"
"743","Sequans Communications","SQNS","171710928","2.82","France"
"744","PLAID,Inc.","4165.T","168234474","4.28","Japan"
"745","D-Wave Quantum","QBTS","167924400","1.05","Canada"
"746","Tingo Group","TIO","166947568","0.69","United States"
"747","Quicklogic","QUIK","164417376","11.82","United States"
"748","Bakkt Holdings","BKKT","161830224","1.77","United States"
"749","Xiao-I","AIXI","159943904","2.22","China"
"750","Vacasa","VCSA","159571936","7.17","United States"
"751","Ceragon Networks","CRNT","159501456","1.89","Israel"
"752","Ebix","EBIX","153888976","4.98","United States"
"753","1-800-PetMeds","PETS","153315744","7.25","United States"
"754","Geospace Technologies","GEOS","151375328","11.47","United States"
"755","Computer Programs and Systems","CPSI","151307520","10.4","United States"
"756","Digital Bros","DIB.MI","150101170","10.52","Italy"
"757","Nacon","NACON.PA","149463466","1.7","France"
"758","Aeva Technologies","AEVA","149300560","0.5725","United States"
"759","Spire Global","SPIR","147844944","7.09","United States"
"760","Rigetti Computing","RGTI","146204224","1.04","United States"
"761","MiX Telematics","MIXT","145929424","6.55","United States"
"762","Markforged","MKFG","145636624","0.734","United States"
"763","WM Technology","MAPS","144985424","0.8829","United States"
"764","Latch","LTCH","144717136","0.83","United States"
"765","Méliuz","CASH3.SA","144645976","1.67","Brazil"
"766","Arbe Robotics","ARBE","143382224","1.85","Israel"
"767","Upland Software","UPLD","143135200","4.56","United States"
"768","iHuman","IH","143010768","2.71","China"
"769","The Original BARK Company","BARK","142797312","0.7965","United States"
"770","Focus Entertainment","ALFOC.PA","139304157","22.56","France"
"771","Skillz","SKLZ","138766608","6.47","United States"
"772","111, Inc.","YI","138588784","1.65","China"
"773","Drecom","3793.T","137979042","4.82","Japan"
"774","Skillsoft","SKIL","137723024","16.75","United States"
"775","Vuzix","VUZI","134887792","2.13","United States"
"776","ContextLogic (wish.com)","WISH","130849048","5.45","United States"
"777","Userjoy Technology","3546.TWO","130219479","2.57","Taiwan"
"778","Allied Tecnologia","ALLD3.SA","129625490","1.39","Brazil"
"779","Velo3D","VLD","128307368","0.639","United States"
"780","Paysign","PAYS","128193192","2.43","United States"
"781","Mynaric","MYNA","122146384","4.86","Germany"
"782","OneConnect","OCFT","120898136","3.1","China"
"783","Sylogist","SYZ.TO","119716294","5.08","Canada"
"784","Nano Labs","NA","118894960","1.82","China"
"785","AdTheorent","ADTH","118244152","1.34","United States"
"786","Silicom","SILC","117154072","17.34","Israel"
"787","Koh Young Technology","098460.KQ","112925967","8.61","South Korea"
"788","Scienjoy","SJ","111625808","2.72","China"
"789","gumi","3903.T","109981083","2.78","Japan"
"790","CI Games","CI7.F","104754048","0.55","Poland"
"791","Mister Spex","MRX.F","103994708","3.05","Germany"
"792","SIMPPLE","SPPL","101899280","6.28","Singapore"
"793","Argo Blockchain","ARBK","99570448","1.86","United Kingdom"
"794","Xunlei","XNET","98628520","1.51","China"
"795","Focus Universal","FCUV","98529136","1.52","United States"
"796","Kaleyra","KLR","96479512","7.24","Italy"
"797","SYLA Technologies","SYT","95556112","3.99","Japan"
"798","Dave Inc.","DAVE","93521968","7.76","United States"
"799","RumbleON","RMBL","92388968","5.48","United States"
"800","Edgio","EGIO","91346536","0.405","United States"
"801","3i Infotech","3IINFOLTD.NS","90907603","0.54","India"
"802","PowerFleet","PWFL","85960408","2.31","United States"
"803","Appen","APX.AX","85241145","0.47","Australia"
"804","2U","TWOU","82069200","1","United States"
"805","Arqit Quantum","ARQQ","81543296","0.497","United Kingdom"
"806","Veritone","VERI","81515064","2.2","United States"
"807","Ondas Holdings","ONDS","81052704","1.39","United States"
"808","SurgePays","SURG","79677920","5.6","United States"
"809","authID","AUID","78907088","8.35","United States"
"810","Starbreeze","STAR-B.ST","76800247","0.05","Sweden"
"811","Where Food Comes From","WFCF","75230312","13.57","United States"
"812","KLab","3656.T","74857822","1.85","Japan"
"813","Frontier Developments","FDEV.L","74845312","1.5","United Kingdom"
"814","ZeroFox","ZFOX","74726400","0.6","United States"
"815","Compugen","CGEN","74424496","0.8426","Israel"
"816","Rubicon Technologies","RBT","74066184","1.77","United States"
"817","Cepton","CPTN","71311048","4.5","United States"
"818","Doma","DOMA","70945776","5.28","United States"
"819","Genasys","GNSS","70885816","1.65","United States"
"820","TransAct Technologies","TACT","69109352","6.94","United States"
"821","Wag! Group","PET","69071728","1.76","United States"
"822","Cheetah Mobile","CMCM","65592036","2.19","China"
"823","Pixelworks","PXLW","65197524","1.15","United States"
"824","Natural Health Trends","NHTC","64033408","5.56","United States"
"825","Bigtincan","BTH.AX","63933987","0.11","Australia"
"826","Quantum Computing","QUBT","63832620","0.85","United States"
"827","Viomi Technology","VIOT","61900324","0.901","China"
"828","Semantix","STIX","61264764","0.781","Brazil"
"829","Smith Micro Software","SMSI","60417756","0.84","United States"
"830","ATARI","ALATA.PA","55445448","0.13","France"
"831","freelancer.com","FLN.AX","53504192","0.12","Australia"
"832","Otonomo Technologies","OTMO","52374020","5.3","Israel"
"833","Allot","ALLT","50115356","1.31","Israel"
"834","KORE","KORE","47690832","0.55","United States"
"835","Stronghold Digital Mining","SDIG","45973772","5.2","United States"
"836","BIT Mining (500.com)","BTCM","45449308","4.09","China"
"837","POET Technologies","POET","44612396","1.05","Canada"
"838","Katapult Holdings","KPLT","43154732","10.6157","United States"
"839","Usio","USIO","42880900","1.63","United States"
"840","Presto Automation","PRST","41763784","0.6213","United States"
"841","Gorilla Technology","GRRR","40575032","0.5887","Taiwan"
"842","ReWalk Robotics","RWLK","40216484","0.67","Israel"
"843","Greenidge Generation Holdings","GREE","39305124","5.34","United States"
"844","Mobile Factory","3912.T","38019746","4.82","Japan"
"845","Tose Software","4728.T","36669989","4.84","Japan"
"846","SIGNA Sports United","SSU","36313340","0.0937","Germany"
"847","Helbiz","HLBZ","36295920","0.1167","United States"
"848","Nippon Ichi Software","3851.T","36263882","7.19","Japan"
"849","Intellicheck","IDN","34257112","1.77","United States"
"850","geechs","7060.T","33984634","3.29","Japan"
"851","Red Cat Holdings","RCAT","32899992","0.59","United States"
"852","Akili","AKLI","32107018","0.41","United States"
"853","AppTech Payments","APCX","31863986","1.54","United States"
"854","Renren","RENN","30901860","1.65","China"
"855","Satixfy Communications","SATX","30527848","0.378","Israel"
"856","HUB Cyber Security","HUBC","29690500","0.238","Israel"
"857","Appirits","4174.T","29169410","7.16","Japan"
"858","Aterian","ATER","28326976","0.314","United States"
"859","The9","NCTY","27403490","6.79","China"
"860","SOS Limited","SOS","24628884","3.86","China"
"861","Quantum","QMCO","24121304","0.2538","United States"
"862","AEye","LIDR","23988234","0.1275","United States"
"863","Hanryu Holdings","HRYU","23711062","0.449","South Korea"
"864","Guardforce AI","GFAI","23196450","3.37","Singapore"
"865","enish","3667.T","23083935","1.18","Japan"
"866","Duos Technologies Group","DUOT","23045874","3.18","United States"
"867","The Glimpse Group","VRAR","22387514","1.34","United States"
"868","Sphere 3D","ANY","22107162","1.54","Canada"
"869","Exela Technologies","XELA","22087764","3.47","United States"
"870","CXApp","CXAI","21147000","1.4","United States"
"871","Ekso Bionics","EKSO","20925156","1.47","United States"
"872","VIA optronics AG","VIAO","20383620","0.8998","Germany"
"873","WonderPlanet","4199.T","19977949","7.86","Japan"
"874","CISO Global (Cerberus Cyber Sentinel)","CISO","19206762","0.1066","United States"
"875","Silicon Studio","3907.T","19133650","6.72","Japan"
"876","Witbe S.A.","ALWIT.PA","18978759","4.54","France"
"877","Movella","MVLA","18835738","0.37","United States"
"878","Streamline Health Solutions","STRM","18493062","0.314","United States"
"879","Pintec Technology","PT","18021240","1.13","China"
"880","NJ Holdings","9421.T","17792264","3.36","Japan"
"881","Sarcos Technology and Robotics","STRC","16570820","0.6398","United States"
"882","Marpai","MRAI","16011771","2.05","United States"
"883","Yunji","YJ","15945360","0.79","China"
"884","Beamr Imaging","BMR","15717138","1.22","Israel"
"885","Shapeways","SHPW","15322015","2.34","United States"
"886","Advanced Health Intelligence","AHI","14928268","1.92","Australia"
"887","Jet.AI","JTAI","14527432","1.6114","United States"
"888","Babylon Holdings","BBLN","14098001","0.5504","United Kingdom"
"889","AgEagle Aerial Systems","UAVS","13979281","0.1171","United States"
"890","OLB Group","OLB","13800690","0.9","United States"
"891","Foresight Autonomous Holdings","FRSX","13640634","1.26","Israel"
"892","Blackboxstocks","BLBX","12665925","3.9608","United States"
"893","Phunware","PHUN","12332875","0.0914","United States"
"894","CalAmp","CAMP","12129152","0.32","United States"
"895","Jump Networks","JUMPNET.NS","11669324","0.12","India"
"896","Trust Stamp","IDAI","11322936","1.3699","United States"
"897","Castellum","CTM","11226850","0.2355","United States"
"898","Remark Holdings","MARK","10884588","0.52","United States"
"899","WeTrade Group","WETG","10421766","3.97","China"
"900","Energous","WATT","10420720","2","United States"
"901","AgileThought","AGIL","10323667","0.197","United States"
"902","Locafy","LCFY","9943902","7.7915","Australia"
"903","Starbox Group","STBX","9438501","0.1313","Malaysia"
"904","Cazoo","CZOO","9037577","23.25","United Kingdom"
"905","Socket Mobile","SCKT","9007438","1.23","United States"
"906","Cyngn","CYN","8862215","0.212","United States"
"907","Inpixon","INPX","8427474","0.066","United States"
"908","Missfresh","MF","8143030","1","China"
"909","Mobilicom","MOB","7960062","1.65","Australia"
"910","Earlyworks","ELWS","7828008","0.5205","Japan"
"911","ADVFN","AFN.L","7529397","0.16","United Kingdom"
"912","Bird Global","BRDS","7116705","0.45","United States"
"913","Swvl Holdings","SWVL","6384113","0.94","United Arab Emirates"
"914","Marin Software","MRIN","6361115","0.3526","United States"
"915","IMTE","IMTE","6182655","2.9","Australia"
"916","SeaChange","SEAC","6073081","2.35","United States"
"917","Zoom Telephonics","MINM","5923226","3.12","United States"
"918","Cemtrex","CETX","5800320","5.81","United States"
"919","Treasure Global","TGL","5611126","0.105","Malaysia"
"920","Spark Networks","LOV","5566017","0.212","Germany"
"921","Versus Systems","VS","5499882","0.18","Canada"
"922","Zoomd Technologies","ZOMD.V","5065909","0.05","Canada"
"923","UpHealth","UPH","4886485","0.2749","United States"
"924","Synchronoss","SNCR","4761234","0.4591","United States"
"925","Rail Vision","RVSN","4407471","1.47","Israel"
"926","Kidpik","PIK","3838489","0.41","United States"
"927","Netcapital","NCPL","3330559","0.3521","United States"
"928","Verb Technology","VERB","3129062","0.1907","United States"
"929","Fr8Tech 
 (Freight Technologies)","FRGT","3031564","0.2825","United States"
"930","Shift Technologies","SFT","2894929","0.1703","United States"
"931","Onfolio Holdings","ONFO","2714027","0.5311","United States"
"932","SaverOne 2014","SVRE","2416400","0.4","Israel"
"933","BIO-key International","BKYI","2315164","0.1686","United States"
"934","Oblong","OBLG","2251153","0.1506","United States"
"935","Grom Social Enterprises","GROM","1948151","0.99","United States"
"936","Triterras","TRIRF","1928407","0.0252","Singapore"
"937","G Medical Innovations","GMVD","1776616","0.181","Israel"
"938","Nogin","NOGN","1749686","0.155","United States"
"939","Quanergy Systems","QNGY","1196165","0.074","United States"
"940","Super League Gaming","SLGG","291827","0.0856","United States"
"941","Vinco Ventures","BBIG","130000","0.01","United States"
"942","IronNet","IRNT","22355","0.0002","United States"
"943","Pareteum Corporation","TEUM","14270","0","United States"
"944","Onion Global","OGBLY","105","1.0E-6","China"
"945","Richtech Robotics","RR","0","0","United States"
"946","Ozon","OZON.ME","0","28.94","United States"
"947","reAlpha Tech","AIRE","0","0","United States"
"948","Signing Day Sports","SGN","0","0","United States"
